{"RMSE": 67714.8698838548, "R2": 0.6566367260248465}