{"RMSE": 49153.267140941614, "R2": 0.8190783562944031}